trace,sim,policy,size_frac,frames,frame_hit_ratio,read_hit_ratio,device_reads,device_frames
pb-zipf99s,libcachesim,LRU,0.05,13190,0.5501,,,
pb-zipf99s,libcachesim,Clock,0.05,13190,0.5594,,,
pb-zipf99s,libcachesim,GClock2,0.05,13190,0.5697,,,
pb-zipf99s,libcachesim,S3FIFO,0.05,13190,0.6234,,,
pb-zipf99s,libcachesim,Sieve,0.05,13190,0.6152,,,
pb-zipf99s,libcachesim,WTinyLFU,0.05,13190,0.6309,,,
pb-zipf99s,libcachesim,ARC,0.05,13190,0.6167,,,
pb-zipf99s,libcachesim,TwoQ,0.05,13190,0.6095,,,
pb-zipf99s,libcachesim,LIRS,0.05,13190,0.6161,,,
pb-zipf99s,libcachesim,Belady,0.05,13190,0.7092,,,
pb-zipf99s,libcachesim,LRU,0.1,26381,0.6197,,,
pb-zipf99s,libcachesim,Clock,0.1,26381,0.6282,,,
pb-zipf99s,libcachesim,GClock2,0.1,26381,0.6383,,,
pb-zipf99s,libcachesim,S3FIFO,0.1,26381,0.6781,,,
pb-zipf99s,libcachesim,Sieve,0.1,26381,0.671,,,
pb-zipf99s,libcachesim,WTinyLFU,0.1,26381,0.6867,,,
pb-zipf99s,libcachesim,ARC,0.1,26381,0.6697,,,
pb-zipf99s,libcachesim,TwoQ,0.1,26381,0.6652,,,
pb-zipf99s,libcachesim,LIRS,0.1,26381,0.6692,,,
pb-zipf99s,libcachesim,Belady,0.1,26381,0.7754,,,
pb-zipf99s,libcachesim,LRU,0.25,65954,0.7347,,,
pb-zipf99s,libcachesim,Clock,0.25,65954,0.7412,,,
pb-zipf99s,libcachesim,GClock2,0.25,65954,0.7504,,,
pb-zipf99s,libcachesim,S3FIFO,0.25,65954,0.766,,,
pb-zipf99s,libcachesim,Sieve,0.25,65954,0.7656,,,
pb-zipf99s,libcachesim,WTinyLFU,0.25,65954,0.775,,,
pb-zipf99s,libcachesim,ARC,0.25,65954,0.7557,,,
pb-zipf99s,libcachesim,TwoQ,0.25,65954,0.7555,,,
pb-zipf99s,libcachesim,LIRS,0.25,65954,0.7592,,,
pb-zipf99s,libcachesim,Belady,0.25,65954,0.8706,,,
pb-zipf99s,libcachesim,LRU,0.5,131909,0.8513,,,
pb-zipf99s,libcachesim,Clock,0.5,131909,0.8549,,,
pb-zipf99s,libcachesim,GClock2,0.5,131909,0.8613,,,
pb-zipf99s,libcachesim,S3FIFO,0.5,131909,0.8639,,,
pb-zipf99s,libcachesim,Sieve,0.5,131909,0.8652,,,
pb-zipf99s,libcachesim,WTinyLFU,0.5,131909,0.8676,,,
pb-zipf99s,libcachesim,ARC,0.5,131909,0.8551,,,
pb-zipf99s,libcachesim,TwoQ,0.5,131909,0.8484,,,
pb-zipf99s,libcachesim,LIRS,0.5,131909,0.8617,,,
pb-zipf99s,libcachesim,Belady,0.5,131909,0.9395,,,
pb-zipf99s,pool_trace_sim,hash_clock/ref1/frames,0.05,13190,0.5451,0.5503,2248624,2526225
pb-zipf99s,pool_trace_sim,hash_clock/ref1/blocks_while_free,0.05,13190,0.5452,0.5503,2248497,2525858
pb-zipf99s,pool_trace_sim,hash_clock/ref1/blocks_ref,0.05,13190,0.3148,0.3245,3377317,108401937
pb-zipf99s,pool_trace_sim,hash_clock/ref1/blocks_noref,0.05,13190,0.3701,0.3791,3104410,99666723
pb-zipf99s,pool_trace_sim,hash_clock/ref0/frames,0.05,13190,0.5663,0.5706,2147080,2408975
pb-zipf99s,pool_trace_sim,hash_clock/ref0/blocks_while_free,0.05,13190,0.5663,0.5706,2147133,2408868
pb-zipf99s,pool_trace_sim,hash_clock/ref0/blocks_ref,0.05,13190,0.2858,0.2951,3524565,113114759
pb-zipf99s,pool_trace_sim,hash_clock/ref0/blocks_noref,0.05,13190,0.3451,0.3541,3229500,103671793
pb-zipf99s,pool_trace_sim,ring_clock/ref1/frames,0.05,13190,0.5416,0.5483,2258650,2545738
pb-zipf99s,pool_trace_sim,ring_clock/ref1/blocks_while_free,0.05,13190,0.5416,0.5483,2258654,2545738
pb-zipf99s,pool_trace_sim,ring_clock/ref1/blocks_ref,0.05,13190,0.3098,0.3213,3393613,108923793
pb-zipf99s,pool_trace_sim,ring_clock/ref1/blocks_noref,0.05,13190,0.3561,0.3676,3162098,101513519
pb-zipf99s,pool_trace_sim,ring_clock/ref0/frames,0.05,13190,0.5594,0.5657,2171417,2446802
pb-zipf99s,pool_trace_sim,ring_clock/ref0/blocks_while_free,0.05,13190,0.5594,0.5657,2171432,2446821
pb-zipf99s,pool_trace_sim,ring_clock/ref0/blocks_ref,0.05,13190,0.2888,0.3003,3498632,112285073
pb-zipf99s,pool_trace_sim,ring_clock/ref0/blocks_noref,0.05,13190,0.3344,0.3462,3269137,104940337
pb-zipf99s,pool_trace_sim,hash_clock/ref1/frames,0.1,26381,0.6151,0.6174,1913010,2137777
pb-zipf99s,pool_trace_sim,hash_clock/ref1/blocks_while_free,0.1,26381,0.615,0.6173,1913664,2138347
pb-zipf99s,pool_trace_sim,hash_clock/ref1/blocks_ref,0.1,26381,0.395,0.4033,2983369,95763107
pb-zipf99s,pool_trace_sim,hash_clock/ref1/blocks_noref,0.1,26381,0.4503,0.4568,2716195,87207167
pb-zipf99s,pool_trace_sim,hash_clock/ref0/frames,0.1,26381,0.6345,0.636,1819771,2030030
pb-zipf99s,pool_trace_sim,hash_clock/ref0/blocks_while_free,0.1,26381,0.6344,0.636,1820078,2030565
pb-zipf99s,pool_trace_sim,hash_clock/ref0/blocks_ref,0.1,26381,0.3666,0.3748,3126068,100331236
pb-zipf99s,pool_trace_sim,hash_clock/ref0/blocks_noref,0.1,26381,0.4264,0.4329,2835405,91026488
pb-zipf99s,pool_trace_sim,ring_clock/ref1/frames,0.1,26381,0.6117,0.6154,1922892,2156686
pb-zipf99s,pool_trace_sim,ring_clock/ref1/blocks_while_free,0.1,26381,0.6117,0.6154,1922913,2156707
pb-zipf99s,pool_trace_sim,ring_clock/ref1/blocks_ref,0.1,26381,0.3889,0.3998,3001163,96332613
pb-zipf99s,pool_trace_sim,ring_clock/ref1/blocks_noref,0.1,26381,0.4353,0.4456,2771764,88988802
pb-zipf99s,pool_trace_sim,ring_clock/ref0/frames,0.1,26381,0.6282,0.6315,1842309,2064987
pb-zipf99s,pool_trace_sim,ring_clock/ref0/blocks_while_free,0.1,26381,0.6282,0.6315,1842318,2064997
pb-zipf99s,pool_trace_sim,ring_clock/ref0/blocks_ref,0.1,26381,0.3683,0.3794,3103162,99598151
pb-zipf99s,pool_trace_sim,ring_clock/ref0/blocks_noref,0.1,26381,0.4146,0.4255,2872567,92217060
pb-zipf99s,pool_trace_sim,hash_clock/ref1/frames,0.25,65954,0.73,0.727,1364912,1499794
pb-zipf99s,pool_trace_sim,hash_clock/ref1/blocks_while_free,0.25,65954,0.7299,0.727,1365028,1499902
pb-zipf99s,pool_trace_sim,hash_clock/ref1/blocks_ref,0.25,65954,0.5475,0.551,2244928,72036611
pb-zipf99s,pool_trace_sim,hash_clock/ref1/blocks_noref,0.25,65954,0.5972,0.5977,2011319,64546467
pb-zipf99s,pool_trace_sim,hash_clock/ref0/frames,0.25,65954,0.7445,0.7411,1294578,1418739
pb-zipf99s,pool_trace_sim,hash_clock/ref0/blocks_while_free,0.25,65954,0.7445,0.741,1294796,1418960
pb-zipf99s,pool_trace_sim,hash_clock/ref0/blocks_ref,0.25,65954,0.5232,0.5266,2366961,75944528
pb-zipf99s,pool_trace_sim,hash_clock/ref0/blocks_noref,0.25,65954,0.5791,0.5795,2102473,67467955
pb-zipf99s,pool_trace_sim,ring_clock/ref1/frames,0.25,65954,0.7281,0.7261,1369472,1510327
pb-zipf99s,pool_trace_sim,ring_clock/ref1/blocks_while_free,0.25,65954,0.7281,0.7262,1369227,1510086
pb-zipf99s,pool_trace_sim,ring_clock/ref1/blocks_ref,0.25,65954,0.5407,0.549,2254784,72358124
pb-zipf99s,pool_trace_sim,ring_clock/ref1/blocks_noref,0.25,65954,0.5841,0.5911,2044541,65620412
pb-zipf99s,pool_trace_sim,ring_clock/ref0/frames,0.25,65954,0.7412,0.739,1305012,1437353
pb-zipf99s,pool_trace_sim,ring_clock/ref0/blocks_while_free,0.25,65954,0.7412,0.739,1305003,1437345
pb-zipf99s,pool_trace_sim,ring_clock/ref0/blocks_ref,0.25,65954,0.5226,0.5311,2344338,75228604
pb-zipf99s,pool_trace_sim,ring_clock/ref0/blocks_noref,0.25,65954,0.5678,0.5754,2122911,68134730
pb-zipf99s,pool_trace_sim,hash_clock/ref1/frames,0.5,131909,0.848,0.8416,792043,844081
pb-zipf99s,pool_trace_sim,hash_clock/ref1/blocks_while_free,0.5,131909,0.8482,0.8417,791328,843254
pb-zipf99s,pool_trace_sim,hash_clock/ref1/blocks_ref,0.5,131909,0.7364,0.7335,1332463,42719143
pb-zipf99s,pool_trace_sim,hash_clock/ref1/blocks_noref,0.5,131909,0.7735,0.7683,1158456,37140969
pb-zipf99s,pool_trace_sim,hash_clock/ref0/frames,0.5,131909,0.857,0.8504,747954,794148
pb-zipf99s,pool_trace_sim,hash_clock/ref0/blocks_while_free,0.5,131909,0.8568,0.8502,748948,795147
pb-zipf99s,pool_trace_sim,hash_clock/ref0/blocks_ref,0.5,131909,0.7215,0.7183,1408738,45166244
pb-zipf99s,pool_trace_sim,hash_clock/ref0/blocks_noref,0.5,131909,0.7652,0.7597,1201427,38515383
pb-zipf99s,pool_trace_sim,ring_clock/ref1/frames,0.5,131909,0.8465,0.8406,797142,852549
pb-zipf99s,pool_trace_sim,ring_clock/ref1/blocks_while_free,0.5,131909,0.8471,0.8412,794192,849377
pb-zipf99s,pool_trace_sim,ring_clock/ref1/blocks_ref,0.5,131909,0.7243,0.7286,1356906,43508091
pb-zipf99s,pool_trace_sim,ring_clock/ref1/blocks_noref,0.5,131909,0.7572,0.7601,1199583,38465458
pb-zipf99s,pool_trace_sim,ring_clock/ref0/frames,0.5,131909,0.8549,0.8488,756097,806120
pb-zipf99s,pool_trace_sim,ring_clock/ref0/blocks_while_free,0.5,131909,0.8548,0.8488,756201,806270
pb-zipf99s,pool_trace_sim,ring_clock/ref0/blocks_ref,0.5,131909,0.7122,0.7164,1417907,45465645
pb-zipf99s,pool_trace_sim,ring_clock/ref0/blocks_noref,0.5,131909,0.7493,0.7528,1236030,39633616
pb-zipf99,libcachesim,LRU,0.05,12475,0.7065,,,
pb-zipf99,libcachesim,Clock,0.05,12475,0.7148,,,
pb-zipf99,libcachesim,GClock2,0.05,12475,0.7241,,,
pb-zipf99,libcachesim,S3FIFO,0.05,12475,0.7636,,,
pb-zipf99,libcachesim,Sieve,0.05,12475,0.7611,,,
pb-zipf99,libcachesim,WTinyLFU,0.05,12475,0.7763,,,
pb-zipf99,libcachesim,ARC,0.05,12475,0.7594,,,
pb-zipf99,libcachesim,TwoQ,0.05,12475,0.7515,,,
pb-zipf99,libcachesim,LIRS,0.05,12475,0.7588,,,
pb-zipf99,libcachesim,Belady,0.05,12475,0.8211,,,
pb-zipf99,libcachesim,LRU,0.1,24950,0.7675,,,
pb-zipf99,libcachesim,Clock,0.1,24950,0.7748,,,
pb-zipf99,libcachesim,GClock2,0.1,24950,0.7835,,,
pb-zipf99,libcachesim,S3FIFO,0.1,24950,0.8113,,,
pb-zipf99,libcachesim,Sieve,0.1,24950,0.8091,,,
pb-zipf99,libcachesim,WTinyLFU,0.1,24950,0.8219,,,
pb-zipf99,libcachesim,ARC,0.1,24950,0.8064,,,
pb-zipf99,libcachesim,TwoQ,0.1,24950,0.8006,,,
pb-zipf99,libcachesim,LIRS,0.1,24950,0.8058,,,
pb-zipf99,libcachesim,Belady,0.1,24950,0.8683,,,
pb-zipf99,libcachesim,LRU,0.25,62376,0.8529,,,
pb-zipf99,libcachesim,Clock,0.25,62376,0.8581,,,
pb-zipf99,libcachesim,GClock2,0.25,62376,0.8649,,,
pb-zipf99,libcachesim,S3FIFO,0.25,62376,0.8748,,,
pb-zipf99,libcachesim,Sieve,0.25,62376,0.8754,,,
pb-zipf99,libcachesim,WTinyLFU,0.25,62376,0.8794,,,
pb-zipf99,libcachesim,ARC,0.25,62376,0.8693,,,
pb-zipf99,libcachesim,TwoQ,0.25,62376,0.866,,,
pb-zipf99,libcachesim,LIRS,0.25,62376,0.8719,,,
pb-zipf99,libcachesim,Belady,0.25,62376,0.9278,,,
pb-zipf99,libcachesim,LRU,0.5,124753,0.9216,,,
pb-zipf99,libcachesim,Clock,0.5,124753,0.9238,,,
pb-zipf99,libcachesim,GClock2,0.5,124753,0.927,,,
pb-zipf99,libcachesim,S3FIFO,0.5,124753,0.9285,,,
pb-zipf99,libcachesim,Sieve,0.5,124753,0.9292,,,
pb-zipf99,libcachesim,WTinyLFU,0.5,124753,0.9299,,,
pb-zipf99,libcachesim,ARC,0.5,124753,0.926,,,
pb-zipf99,libcachesim,TwoQ,0.5,124753,0.9174,,,
pb-zipf99,libcachesim,LIRS,0.5,124753,0.928,,,
pb-zipf99,libcachesim,Belady,0.5,124753,0.9617,,,
pb-zipf99,pool_trace_sim,hash_clock/ref1/frames,0.05,12475,0.7022,0.7007,1496339,1660124
pb-zipf99,pool_trace_sim,hash_clock/ref1/blocks_while_free,0.05,12475,0.7023,0.7008,1496231,1660024
pb-zipf99,pool_trace_sim,hash_clock/ref1/blocks_ref,0.05,12475,0.6525,0.6522,1739226,55826330
pb-zipf99,pool_trace_sim,hash_clock/ref1/blocks_noref,0.05,12475,0.6634,0.6623,1688607,54202503
pb-zipf99,pool_trace_sim,hash_clock/ref0/frames,0.05,12475,0.7214,0.7206,1396842,1553443
pb-zipf99,pool_trace_sim,hash_clock/ref0/blocks_while_free,0.05,12475,0.7213,0.7206,1397173,1553998
pb-zipf99,pool_trace_sim,hash_clock/ref0/blocks_ref,0.05,12475,0.6515,0.6509,1745278,56019194
pb-zipf99,pool_trace_sim,hash_clock/ref0/blocks_noref,0.05,12475,0.6634,0.6623,1688539,54200611
pb-zipf99,pool_trace_sim,ring_clock/ref1/frames,0.05,12475,0.6988,0.6973,1513515,1679165
pb-zipf99,pool_trace_sim,ring_clock/ref1/blocks_while_free,0.05,12475,0.6988,0.6973,1513529,1679182
pb-zipf99,pool_trace_sim,ring_clock/ref1/blocks_ref,0.05,12475,0.6623,0.6652,1673946,53733274
pb-zipf99,pool_trace_sim,ring_clock/ref1/blocks_noref,0.05,12475,0.667,0.6696,1651787,53022779
pb-zipf99,pool_trace_sim,ring_clock/ref0/frames,0.05,12475,0.7148,0.714,1430132,1590138
pb-zipf99,pool_trace_sim,ring_clock/ref0/blocks_while_free,0.05,12475,0.7148,0.714,1430114,1590121
pb-zipf99,pool_trace_sim,ring_clock/ref0/blocks_ref,0.05,12475,0.6604,0.6629,1685389,54098490
pb-zipf99,pool_trace_sim,ring_clock/ref0/blocks_noref,0.05,12475,0.6684,0.6715,1642725,52732602
pb-zipf99,pool_trace_sim,hash_clock/ref1/frames,0.1,24950,0.7636,0.7612,1194129,1318183
pb-zipf99,pool_trace_sim,hash_clock/ref1/blocks_while_free,0.1,24950,0.7636,0.7611,1194288,1318221
pb-zipf99,pool_trace_sim,hash_clock/ref1/blocks_ref,0.1,24950,0.7156,0.7143,1428707,45848609
pb-zipf99,pool_trace_sim,hash_clock/ref1/blocks_noref,0.1,24950,0.7262,0.7241,1379456,44270733
pb-zipf99,pool_trace_sim,hash_clock/ref0/frames,0.1,24950,0.7804,0.7788,1105946,1224263
pb-zipf99,pool_trace_sim,hash_clock/ref0/blocks_while_free,0.1,24950,0.7805,0.7788,1105776,1224087
pb-zipf99,pool_trace_sim,hash_clock/ref0/blocks_ref,0.1,24950,0.7148,0.7133,1433670,46006748
pb-zipf99,pool_trace_sim,hash_clock/ref0/blocks_noref,0.1,24950,0.7263,0.7242,1379029,44255328
pb-zipf99,pool_trace_sim,ring_clock/ref1/frames,0.1,24950,0.7604,0.7579,1210413,1335872
pb-zipf99,pool_trace_sim,ring_clock/ref1/blocks_while_free,0.1,24950,0.7604,0.7579,1210326,1335776
pb-zipf99,pool_trace_sim,ring_clock/ref1/blocks_ref,0.1,24950,0.7251,0.727,1364789,43799457
pb-zipf99,pool_trace_sim,ring_clock/ref1/blocks_noref,0.1,24950,0.7296,0.7313,1343625,43120609
pb-zipf99,pool_trace_sim,ring_clock/ref0/frames,0.1,24950,0.7748,0.773,1134790,1255596
pb-zipf99,pool_trace_sim,ring_clock/ref0/blocks_while_free,0.1,24950,0.7748,0.773,1134830,1255633
pb-zipf99,pool_trace_sim,ring_clock/ref0/blocks_ref,0.1,24950,0.7232,0.7248,1375858,44154940
pb-zipf99,pool_trace_sim,ring_clock/ref0/blocks_noref,0.1,24950,0.7309,0.7329,1335446,42858369
pb-zipf99,pool_trace_sim,hash_clock/ref1/frames,0.25,62376,0.8492,0.8458,770833,840520
pb-zipf99,pool_trace_sim,hash_clock/ref1/blocks_while_free,0.25,62376,0.8492,0.8458,771104,840687
pb-zipf99,pool_trace_sim,hash_clock/ref1/blocks_ref,0.25,62376,0.8067,0.8039,980322,31444786
pb-zipf99,pool_trace_sim,hash_clock/ref1/blocks_noref,0.25,62376,0.8162,0.8129,935656,30013800
pb-zipf99,pool_trace_sim,hash_clock/ref0/frames,0.25,62376,0.8611,0.8585,707668,774452
pb-zipf99,pool_trace_sim,hash_clock/ref0/blocks_while_free,0.25,62376,0.8611,0.8585,707346,774208
pb-zipf99,pool_trace_sim,hash_clock/ref0/blocks_ref,0.25,62376,0.8059,0.803,985100,31597218
pb-zipf99,pool_trace_sim,hash_clock/ref0/blocks_noref,0.25,62376,0.8163,0.813,935074,29995816
pb-zipf99,pool_trace_sim,ring_clock/ref1/frames,0.25,62376,0.8474,0.844,780232,850831
pb-zipf99,pool_trace_sim,ring_clock/ref1/blocks_while_free,0.25,62376,0.8475,0.8441,779617,850209
pb-zipf99,pool_trace_sim,ring_clock/ref1/blocks_ref,0.25,62376,0.8148,0.8154,923111,29610261
pb-zipf99,pool_trace_sim,ring_clock/ref1/blocks_noref,0.25,62376,0.8195,0.8199,900664,28892309
pb-zipf99,pool_trace_sim,ring_clock/ref0/frames,0.25,62376,0.8581,0.8554,723221,791290
pb-zipf99,pool_trace_sim,ring_clock/ref0/blocks_while_free,0.25,62376,0.8581,0.8554,723210,791268
pb-zipf99,pool_trace_sim,ring_clock/ref0/blocks_ref,0.25,62376,0.8132,0.8134,932903,29924947
pb-zipf99,pool_trace_sim,ring_clock/ref0/blocks_noref,0.25,62376,0.8205,0.8211,894365,28689781
pb-zipf99,pool_trace_sim,hash_clock/ref1/frames,0.5,124753,0.9192,0.9159,420738,450258
pb-zipf99,pool_trace_sim,hash_clock/ref1/blocks_while_free,0.5,124753,0.92,0.9167,416555,445814
pb-zipf99,pool_trace_sim,hash_clock/ref1/blocks_ref,0.5,124753,0.8871,0.8835,582577,18671849
pb-zipf99,pool_trace_sim,hash_clock/ref1/blocks_noref,0.5,124753,0.896,0.892,539757,17300308
pb-zipf99,pool_trace_sim,hash_clock/ref0/frames,0.5,124753,0.9253,0.9225,387550,416685
pb-zipf99,pool_trace_sim,hash_clock/ref0/blocks_while_free,0.5,124753,0.9261,0.9234,383115,411958
pb-zipf99,pool_trace_sim,hash_clock/ref0/blocks_ref,0.5,124753,0.8868,0.883,584863,18744368
pb-zipf99,pool_trace_sim,hash_clock/ref0/blocks_noref,0.5,124753,0.8959,0.892,539855,17303041
pb-zipf99,pool_trace_sim,ring_clock/ref1/frames,0.5,124753,0.9177,0.9142,428969,458703
pb-zipf99,pool_trace_sim,ring_clock/ref1/blocks_while_free,0.5,124753,0.9191,0.9157,421424,451115
pb-zipf99,pool_trace_sim,ring_clock/ref1/blocks_ref,0.5,124753,0.8915,0.8909,545499,17484380
pb-zipf99,pool_trace_sim,ring_clock/ref1/blocks_noref,0.5,124753,0.8964,0.8955,522279,16740626
pb-zipf99,pool_trace_sim,ring_clock/ref0/frames,0.5,124753,0.9238,0.9209,395295,424643
pb-zipf99,pool_trace_sim,ring_clock/ref0/blocks_while_free,0.5,124753,0.9245,0.9216,392005,421186
pb-zipf99,pool_trace_sim,ring_clock/ref0/blocks_ref,0.5,124753,0.8903,0.8893,553618,17744955
pb-zipf99,pool_trace_sim,ring_clock/ref0/blocks_noref,0.5,124753,0.897,0.8964,517759,16595868
pb-uniform,libcachesim,LRU,0.05,13259,0.0503,,,
pb-uniform,libcachesim,Clock,0.05,13259,0.0503,,,
pb-uniform,libcachesim,GClock2,0.05,13259,0.0503,,,
pb-uniform,libcachesim,S3FIFO,0.05,13259,0.0504,,,
pb-uniform,libcachesim,Sieve,0.05,13259,0.0504,,,
pb-uniform,libcachesim,WTinyLFU,0.05,13259,0.0508,,,
pb-uniform,libcachesim,ARC,0.05,13259,0.0503,,,
pb-uniform,libcachesim,TwoQ,0.05,13259,0.0504,,,
pb-uniform,libcachesim,LIRS,0.05,13259,0.0503,,,
pb-uniform,libcachesim,Belady,0.05,13259,0.2989,,,
pb-uniform,libcachesim,LRU,0.1,26519,0.1003,,,
pb-uniform,libcachesim,Clock,0.1,26519,0.1003,,,
pb-uniform,libcachesim,GClock2,0.1,26519,0.1004,,,
pb-uniform,libcachesim,S3FIFO,0.1,26519,0.1009,,,
pb-uniform,libcachesim,Sieve,0.1,26519,0.1006,,,
pb-uniform,libcachesim,WTinyLFU,0.1,26519,0.1016,,,
pb-uniform,libcachesim,ARC,0.1,26519,0.1006,,,
pb-uniform,libcachesim,TwoQ,0.1,26519,0.1006,,,
pb-uniform,libcachesim,LIRS,0.1,26519,0.1006,,,
pb-uniform,libcachesim,Belady,0.1,26519,0.4125,,,
pb-uniform,libcachesim,LRU,0.25,66298,0.2509,,,
pb-uniform,libcachesim,Clock,0.25,66298,0.2508,,,
pb-uniform,libcachesim,GClock2,0.25,66298,0.2508,,,
pb-uniform,libcachesim,S3FIFO,0.25,66298,0.2517,,,
pb-uniform,libcachesim,Sieve,0.25,66298,0.2514,,,
pb-uniform,libcachesim,WTinyLFU,0.25,66298,0.2527,,,
pb-uniform,libcachesim,ARC,0.25,66298,0.2513,,,
pb-uniform,libcachesim,TwoQ,0.25,66298,0.2515,,,
pb-uniform,libcachesim,LIRS,0.25,66298,0.2512,,,
pb-uniform,libcachesim,Belady,0.25,66298,0.618,,,
pb-uniform,libcachesim,LRU,0.5,132596,0.5013,,,
pb-uniform,libcachesim,Clock,0.5,132596,0.5015,,,
pb-uniform,libcachesim,GClock2,0.5,132596,0.5018,,,
pb-uniform,libcachesim,S3FIFO,0.5,132596,0.5023,,,
pb-uniform,libcachesim,Sieve,0.5,132596,0.5018,,,
pb-uniform,libcachesim,WTinyLFU,0.5,132596,0.5034,,,
pb-uniform,libcachesim,ARC,0.5,132596,0.5014,,,
pb-uniform,libcachesim,TwoQ,0.5,132596,0.5014,,,
pb-uniform,libcachesim,LIRS,0.5,132596,0.502,,,
pb-uniform,libcachesim,Belady,0.5,132596,0.813,,,
pb-uniform,pool_trace_sim,hash_clock/ref1/frames,0.05,13259,0.0502,0.0445,4777496,5377576
pb-uniform,pool_trace_sim,hash_clock/ref1/blocks_while_free,0.05,13259,0.0502,0.0445,4777468,5377683
pb-uniform,pool_trace_sim,hash_clock/ref1/blocks_ref,0.05,13259,0.05,0.0487,4756681,152804656
pb-uniform,pool_trace_sim,hash_clock/ref1/blocks_noref,0.05,13259,0.05,0.0475,4762479,152988656
pb-uniform,pool_trace_sim,hash_clock/ref0/frames,0.05,13259,0.0502,0.0444,4777932,5377468
pb-uniform,pool_trace_sim,hash_clock/ref0/blocks_while_free,0.05,13259,0.0502,0.0443,4778314,5377730
pb-uniform,pool_trace_sim,hash_clock/ref0/blocks_ref,0.05,13259,0.05,0.0486,4756967,152814032
pb-uniform,pool_trace_sim,hash_clock/ref0/blocks_noref,0.05,13259,0.05,0.0475,4762516,152990309
pb-uniform,pool_trace_sim,ring_clock/ref1/frames,0.05,13259,0.0503,0.0447,4776470,5377059
pb-uniform,pool_trace_sim,ring_clock/ref1/blocks_while_free,0.05,13259,0.0503,0.0447,4776473,5377063
pb-uniform,pool_trace_sim,ring_clock/ref1/blocks_ref,0.05,13259,0.0499,0.0498,4751063,152623760
pb-uniform,pool_trace_sim,ring_clock/ref1/blocks_noref,0.05,13259,0.0499,0.0496,4751979,152653104
pb-uniform,pool_trace_sim,ring_clock/ref0/frames,0.05,13259,0.0503,0.0447,4776496,5377112
pb-uniform,pool_trace_sim,ring_clock/ref0/blocks_while_free,0.05,13259,0.0503,0.0447,4776496,5377112
pb-uniform,pool_trace_sim,ring_clock/ref0/blocks_ref,0.05,13259,0.0499,0.0497,4751634,152642224
pb-uniform,pool_trace_sim,ring_clock/ref0/blocks_noref,0.05,13259,0.0499,0.0498,4751119,152625616
pb-uniform,pool_trace_sim,hash_clock/ref1/frames,0.1,26519,0.1004,0.0896,4552111,5093515
pb-uniform,pool_trace_sim,hash_clock/ref1/blocks_while_free,0.1,26519,0.1004,0.0896,4551995,5093442
pb-uniform,pool_trace_sim,hash_clock/ref1/blocks_ref,0.1,26519,0.1,0.0973,4513445,144959076
pb-uniform,pool_trace_sim,hash_clock/ref1/blocks_noref,0.1,26519,0.1,0.095,4525126,145332931
pb-uniform,pool_trace_sim,hash_clock/ref0/frames,0.1,26519,0.1005,0.0894,4552937,5092965
pb-uniform,pool_trace_sim,hash_clock/ref0/blocks_while_free,0.1,26519,0.1002,0.0891,4554282,5094367
pb-uniform,pool_trace_sim,hash_clock/ref0/blocks_ref,0.1,26519,0.1,0.0972,4514220,144983651
pb-uniform,pool_trace_sim,hash_clock/ref0/blocks_noref,0.1,26519,0.1,0.095,4524879,145325422
pb-uniform,pool_trace_sim,ring_clock/ref1/frames,0.1,26519,0.1004,0.0898,4551022,5093447
pb-uniform,pool_trace_sim,ring_clock/ref1/blocks_while_free,0.1,26519,0.1004,0.0898,4551016,5093444
pb-uniform,pool_trace_sim,ring_clock/ref1/blocks_ref,0.1,26519,0.1001,0.0997,4501258,144569422
pb-uniform,pool_trace_sim,ring_clock/ref1/blocks_noref,0.1,26519,0.1001,0.0993,4503363,144637486
pb-uniform,pool_trace_sim,ring_clock/ref0/frames,0.1,26519,0.1003,0.0897,4551288,5093663
pb-uniform,pool_trace_sim,ring_clock/ref0/blocks_while_free,0.1,26519,0.1003,0.0897,4551288,5093663
pb-uniform,pool_trace_sim,ring_clock/ref0/blocks_ref,0.1,26519,0.1,0.0995,4502439,144607481
pb-uniform,pool_trace_sim,ring_clock/ref0/blocks_noref,0.1,26519,0.1001,0.0997,4501408,144574030
pb-uniform,pool_trace_sim,hash_clock/ref1/frames,0.25,66298,0.2509,0.2282,3858828,4241396
pb-uniform,pool_trace_sim,hash_clock/ref1/blocks_while_free,0.25,66298,0.2508,0.2282,3859102,4241687
pb-uniform,pool_trace_sim,hash_clock/ref1/blocks_ref,0.25,66298,0.2503,0.2431,3784316,121465118
pb-uniform,pool_trace_sim,hash_clock/ref1/blocks_noref,0.25,66298,0.2502,0.238,3809816,122281619
pb-uniform,pool_trace_sim,hash_clock/ref0/frames,0.25,66298,0.2511,0.2281,3859602,4240264
pb-uniform,pool_trace_sim,hash_clock/ref0/blocks_while_free,0.25,66298,0.251,0.2281,3859583,4240408
pb-uniform,pool_trace_sim,hash_clock/ref0/blocks_ref,0.25,66298,0.25,0.2425,3787295,121561620
pb-uniform,pool_trace_sim,hash_clock/ref0/blocks_noref,0.25,66298,0.2502,0.2381,3809346,122263776
pb-uniform,pool_trace_sim,ring_clock/ref1/frames,0.25,66298,0.2507,0.2285,3857715,4242255
pb-uniform,pool_trace_sim,ring_clock/ref1/blocks_while_free,0.25,66298,0.2507,0.2285,3857735,4242250
pb-uniform,pool_trace_sim,ring_clock/ref1/blocks_ref,0.25,66298,0.2501,0.2493,3753388,120478601
pb-uniform,pool_trace_sim,ring_clock/ref1/blocks_noref,0.25,66298,0.2502,0.2483,3758632,120645556
pb-uniform,pool_trace_sim,ring_clock/ref0/frames,0.25,66298,0.2508,0.2285,3857601,4241803
pb-uniform,pool_trace_sim,ring_clock/ref0/blocks_while_free,0.25,66298,0.2508,0.2285,3857601,4241803
pb-uniform,pool_trace_sim,ring_clock/ref0/blocks_ref,0.25,66298,0.25,0.2488,3756049,120563497
pb-uniform,pool_trace_sim,ring_clock/ref0/blocks_noref,0.25,66298,0.2501,0.2491,3754493,120513129
pb-uniform,pool_trace_sim,hash_clock/ref1/frames,0.5,132596,0.5011,0.4704,2647803,2824391
pb-uniform,pool_trace_sim,hash_clock/ref1/blocks_while_free,0.5,132596,0.5014,0.4707,2646703,2822877
pb-uniform,pool_trace_sim,hash_clock/ref1/blocks_ref,0.5,132596,0.5001,0.4854,2573169,82503327
pb-uniform,pool_trace_sim,hash_clock/ref1/blocks_noref,0.5,132596,0.5003,0.4793,2603677,83477384
pb-uniform,pool_trace_sim,hash_clock/ref0/frames,0.5,132596,0.5018,0.4708,2646025,2820841
pb-uniform,pool_trace_sim,hash_clock/ref0/blocks_while_free,0.5,132596,0.5016,0.4707,2646427,2821655
pb-uniform,pool_trace_sim,hash_clock/ref0/blocks_ref,0.5,132596,0.5002,0.4848,2576042,82595274
pb-uniform,pool_trace_sim,hash_clock/ref0/blocks_noref,0.5,132596,0.5004,0.4794,2603061,83460277
pb-uniform,pool_trace_sim,ring_clock/ref1/frames,0.5,132596,0.501,0.4706,2646916,2824981
pb-uniform,pool_trace_sim,ring_clock/ref1/blocks_while_free,0.5,132596,0.501,0.4706,2646997,2825075
pb-uniform,pool_trace_sim,ring_clock/ref1/blocks_ref,0.5,132596,0.5,0.4984,2507839,80411211
pb-uniform,pool_trace_sim,ring_clock/ref1/blocks_noref,0.5,132596,0.5001,0.4959,2520733,80824672
pb-uniform,pool_trace_sim,ring_clock/ref0/frames,0.5,132596,0.5015,0.4711,2644724,2822623
pb-uniform,pool_trace_sim,ring_clock/ref0/blocks_while_free,0.5,132596,0.5015,0.4711,2644608,2822513
pb-uniform,pool_trace_sim,ring_clock/ref0/blocks_ref,0.5,132596,0.4999,0.4974,2513213,80582442
pb-uniform,pool_trace_sim,ring_clock/ref0/blocks_noref,0.5,132596,0.5,0.4974,2513185,80582464
sb-special-point_select,libcachesim,LRU,0.02,4167,0.5669,,,
sb-special-point_select,libcachesim,Clock,0.02,4167,0.6076,,,
sb-special-point_select,libcachesim,GClock2,0.02,4167,0.6603,,,
sb-special-point_select,libcachesim,S3FIFO,0.02,4167,0.7484,,,
sb-special-point_select,libcachesim,Sieve,0.02,4167,0.7485,,,
sb-special-point_select,libcachesim,WTinyLFU,0.02,4167,0.7488,,,
sb-special-point_select,libcachesim,ARC,0.02,4167,0.7485,,,
sb-special-point_select,libcachesim,TwoQ,0.02,4167,0.7002,,,
sb-special-point_select,libcachesim,LIRS,0.02,4167,0.7485,,,
sb-special-point_select,libcachesim,Belady,0.02,4167,0.7726,,,
sb-special-point_select,libcachesim,LRU,0.05,10418,0.7582,,,
sb-special-point_select,libcachesim,Clock,0.05,10418,0.7593,,,
sb-special-point_select,libcachesim,GClock2,0.05,10418,0.7596,,,
sb-special-point_select,libcachesim,S3FIFO,0.05,10418,0.7616,,,
sb-special-point_select,libcachesim,Sieve,0.05,10418,0.7615,,,
sb-special-point_select,libcachesim,WTinyLFU,0.05,10418,0.7634,,,
sb-special-point_select,libcachesim,ARC,0.05,10418,0.7616,,,
sb-special-point_select,libcachesim,TwoQ,0.05,10418,0.7608,,,
sb-special-point_select,libcachesim,LIRS,0.05,10418,0.7616,,,
sb-special-point_select,libcachesim,Belady,0.05,10418,0.8219,,,
sb-special-point_select,libcachesim,LRU,0.1,20836,0.7781,,,
sb-special-point_select,libcachesim,Clock,0.1,20836,0.7784,,,
sb-special-point_select,libcachesim,GClock2,0.1,20836,0.7785,,,
sb-special-point_select,libcachesim,S3FIFO,0.1,20836,0.7829,,,
sb-special-point_select,libcachesim,Sieve,0.1,20836,0.7828,,,
sb-special-point_select,libcachesim,WTinyLFU,0.1,20836,0.7868,,,
sb-special-point_select,libcachesim,ARC,0.1,20836,0.7828,,,
sb-special-point_select,libcachesim,TwoQ,0.1,20836,0.7816,,,
sb-special-point_select,libcachesim,LIRS,0.1,20836,0.7827,,,
sb-special-point_select,libcachesim,Belady,0.1,20836,0.8605,,,
sb-special-point_select,libcachesim,LRU,0.25,52092,0.8323,,,
sb-special-point_select,libcachesim,Clock,0.25,52092,0.8337,,,
sb-special-point_select,libcachesim,GClock2,0.25,52092,0.8349,,,
sb-special-point_select,libcachesim,S3FIFO,0.25,52092,0.8418,,,
sb-special-point_select,libcachesim,Sieve,0.25,52092,0.8437,,,
sb-special-point_select,libcachesim,WTinyLFU,0.25,52092,0.8491,,,
sb-special-point_select,libcachesim,ARC,0.25,52092,0.8395,,,
sb-special-point_select,libcachesim,TwoQ,0.25,52092,0.8386,,,
sb-special-point_select,libcachesim,LIRS,0.25,52092,0.8415,,,
sb-special-point_select,libcachesim,Belady,0.25,52092,0.9211,,,
sb-special-point_select,pool_trace_sim,hash_clock/ref1/frames,0.02,4167,0.5461,0.5381,2198837,2278862
sb-special-point_select,pool_trace_sim,hash_clock/ref1/blocks_while_free,0.02,4167,0.5461,0.5381,2198908,2278938
sb-special-point_select,pool_trace_sim,hash_clock/ref1/blocks_ref,0.02,4167,0.4438,0.4384,2673246,85626718
sb-special-point_select,pool_trace_sim,hash_clock/ref1/blocks_noref,0.02,4167,0.447,0.44,2665853,85388973
sb-special-point_select,pool_trace_sim,hash_clock/ref1/blocks_probation,0.02,4167,0.5308,0.5227,2271787,72761251
sb-special-point_select,pool_trace_sim,hash_clock/ref0/frames,0.02,4167,0.6341,0.6288,1766839,1836955
sb-special-point_select,pool_trace_sim,hash_clock/ref0/blocks_while_free,0.02,4167,0.6342,0.6289,1766538,1836564
sb-special-point_select,pool_trace_sim,hash_clock/ref0/blocks_ref,0.02,4167,0.4412,0.4355,2687069,86068382
sb-special-point_select,pool_trace_sim,hash_clock/ref0/blocks_noref,0.02,4167,0.4468,0.4398,2666509,85409007
sb-special-point_select,pool_trace_sim,hash_clock/ref0/blocks_probation,0.02,4167,0.6041,0.5979,1913988,61302855
sb-special-point_select,pool_trace_sim,ring_clock/ref1/frames,0.02,4167,0.5335,0.5252,2260209,2342203
sb-special-point_select,pool_trace_sim,ring_clock/ref1/blocks_while_free,0.02,4167,0.5335,0.5252,2260219,2342213
sb-special-point_select,pool_trace_sim,ring_clock/ref1/blocks_ref,0.02,4167,0.4776,0.4768,2490429,79768239
sb-special-point_select,pool_trace_sim,ring_clock/ref1/blocks_noref,0.02,4167,0.4741,0.4723,2511959,80457293
sb-special-point_select,pool_trace_sim,ring_clock/ref1/blocks_probation,0.02,4167,0.5198,0.5116,2324652,74455299
sb-special-point_select,pool_trace_sim,ring_clock/ref0/frames,0.02,4167,0.6076,0.6014,1897548,1970113
sb-special-point_select,pool_trace_sim,ring_clock/ref0/blocks_while_free,0.02,4167,0.6076,0.6014,1897548,1970113
sb-special-point_select,pool_trace_sim,ring_clock/ref0/blocks_ref,0.02,4167,0.4741,0.4729,2509080,80365453
sb-special-point_select,pool_trace_sim,ring_clock/ref0/blocks_noref,0.02,4167,0.4783,0.4771,2489275,79731230
sb-special-point_select,pool_trace_sim,ring_clock/ref0/blocks_probation,0.02,4167,0.5787,0.5717,2038542,65290838
sb-special-point_select,pool_trace_sim,hash_clock/ref1/frames,0.05,10418,0.7505,0.7494,1193054,1252929
sb-special-point_select,pool_trace_sim,hash_clock/ref1/blocks_while_free,0.05,10418,0.7504,0.7493,1193230,1253066
sb-special-point_select,pool_trace_sim,hash_clock/ref1/blocks_ref,0.05,10418,0.5896,0.5835,1982532,63492967
sb-special-point_select,pool_trace_sim,hash_clock/ref1/blocks_noref,0.05,10418,0.6124,0.6065,1872986,59985355
sb-special-point_select,pool_trace_sim,hash_clock/ref1/blocks_probation,0.05,10418,0.7452,0.7439,1219071,39051937
sb-special-point_select,pool_trace_sim,hash_clock/ref0/frames,0.05,10418,0.7594,0.7588,1148094,1207844
sb-special-point_select,pool_trace_sim,hash_clock/ref0/blocks_while_free,0.05,10418,0.7594,0.7588,1148179,1207907
sb-special-point_select,pool_trace_sim,hash_clock/ref0/blocks_ref,0.05,10418,0.5872,0.581,1994374,63872619
sb-special-point_select,pool_trace_sim,hash_clock/ref0/blocks_noref,0.05,10418,0.6115,0.6056,1877219,60120538
sb-special-point_select,pool_trace_sim,hash_clock/ref0/blocks_probation,0.05,10418,0.7592,0.7586,1149002,36810002
sb-special-point_select,pool_trace_sim,ring_clock/ref1/frames,0.05,10418,0.7505,0.7495,1192611,1252566
sb-special-point_select,pool_trace_sim,ring_clock/ref1/blocks_while_free,0.05,10418,0.7505,0.7495,1192600,1252555
sb-special-point_select,pool_trace_sim,ring_clock/ref1/blocks_ref,0.05,10418,0.6322,0.6296,1762961,56462257
sb-special-point_select,pool_trace_sim,ring_clock/ref1/blocks_noref,0.05,10418,0.6389,0.636,1732741,55494720
sb-special-point_select,pool_trace_sim,ring_clock/ref1/blocks_probation,0.05,10418,0.7435,0.7422,1227226,39313051
sb-special-point_select,pool_trace_sim,ring_clock/ref0/frames,0.05,10418,0.7593,0.7587,1148488,1208405
sb-special-point_select,pool_trace_sim,ring_clock/ref0/blocks_while_free,0.05,10418,0.7593,0.7587,1148437,1208355
sb-special-point_select,pool_trace_sim,ring_clock/ref0/blocks_ref,0.05,10418,0.6243,0.6212,1802935,57741809
sb-special-point_select,pool_trace_sim,ring_clock/ref0/blocks_noref,0.05,10418,0.6436,0.641,1708723,54725937
sb-special-point_select,pool_trace_sim,ring_clock/ref0/blocks_probation,0.05,10418,0.7588,0.7582,1150776,36866570
sb-special-point_select,pool_trace_sim,hash_clock/ref1/frames,0.1,20836,0.7781,0.7767,1062982,1114189
sb-special-point_select,pool_trace_sim,hash_clock/ref1/blocks_while_free,0.1,20836,0.7781,0.7767,1063086,1114332
sb-special-point_select,pool_trace_sim,hash_clock/ref1/blocks_ref,0.1,20836,0.6734,0.6685,1577756,50526952
sb-special-point_select,pool_trace_sim,hash_clock/ref1/blocks_noref,0.1,20836,0.7014,0.6972,1441423,46162613
sb-special-point_select,pool_trace_sim,hash_clock/ref1/blocks_probation,0.1,20836,0.7779,0.7767,1062846,34046063
sb-special-point_select,pool_trace_sim,hash_clock/ref0/frames,0.1,20836,0.7786,0.7772,1060603,1111630
sb-special-point_select,pool_trace_sim,hash_clock/ref0/blocks_while_free,0.1,20836,0.7786,0.7772,1060461,1111528
sb-special-point_select,pool_trace_sim,hash_clock/ref0/blocks_ref,0.1,20836,0.6713,0.6664,1588186,50859931
sb-special-point_select,pool_trace_sim,hash_clock/ref0/blocks_noref,0.1,20836,0.7008,0.6966,1444217,46251500
sb-special-point_select,pool_trace_sim,hash_clock/ref0/blocks_probation,0.1,20836,0.7784,0.7772,1060561,33972837
sb-special-point_select,pool_trace_sim,ring_clock/ref1/frames,0.1,20836,0.778,0.7766,1063523,1114858
sb-special-point_select,pool_trace_sim,ring_clock/ref1/blocks_while_free,0.1,20836,0.778,0.7766,1063533,1114868
sb-special-point_select,pool_trace_sim,ring_clock/ref1/blocks_ref,0.1,20836,0.6889,0.6856,1496735,47932757
sb-special-point_select,pool_trace_sim,ring_clock/ref1/blocks_noref,0.1,20836,0.703,0.6999,1428534,45748913
sb-special-point_select,pool_trace_sim,ring_clock/ref1/blocks_probation,0.1,20836,0.7779,0.7767,1063163,34055902
sb-special-point_select,pool_trace_sim,ring_clock/ref0/frames,0.1,20836,0.7784,0.777,1061445,1112567
sb-special-point_select,pool_trace_sim,ring_clock/ref0/blocks_while_free,0.1,20836,0.7784,0.777,1061444,1112566
sb-special-point_select,pool_trace_sim,ring_clock/ref0/blocks_ref,0.1,20836,0.685,0.6815,1516291,48558585
sb-special-point_select,pool_trace_sim,ring_clock/ref0/blocks_noref,0.1,20836,0.704,0.701,1423332,45582630
sb-special-point_select,pool_trace_sim,ring_clock/ref0/blocks_probation,0.1,20836,0.7784,0.7771,1060945,33984918
sb-special-point_select,pool_trace_sim,hash_clock/ref1/frames,0.25,52092,0.8318,0.829,813904,844371
sb-special-point_select,pool_trace_sim,hash_clock/ref1/blocks_while_free,0.25,52092,0.8318,0.829,813970,844546
sb-special-point_select,pool_trace_sim,hash_clock/ref1/blocks_ref,0.25,52092,0.7908,0.788,1009350,32317008
sb-special-point_select,pool_trace_sim,hash_clock/ref1/blocks_noref,0.25,52092,0.8179,0.8158,876996,28080984
sb-special-point_select,pool_trace_sim,hash_clock/ref1/blocks_probation,0.25,52092,0.8313,0.8288,815133,26103311
sb-special-point_select,pool_trace_sim,hash_clock/ref0/frames,0.25,52092,0.8351,0.8323,798132,827708
sb-special-point_select,pool_trace_sim,hash_clock/ref0/blocks_while_free,0.25,52092,0.8351,0.8323,798482,827946
sb-special-point_select,pool_trace_sim,hash_clock/ref0/blocks_ref,0.25,52092,0.79,0.787,1013823,32460780
sb-special-point_select,pool_trace_sim,hash_clock/ref0/blocks_noref,0.25,52092,0.8186,0.8165,873603,27972039
sb-special-point_select,pool_trace_sim,hash_clock/ref0/blocks_probation,0.25,52092,0.8341,0.8316,801557,25667734
sb-special-point_select,pool_trace_sim,ring_clock/ref1/frames,0.25,52092,0.8312,0.8284,816786,847494
sb-special-point_select,pool_trace_sim,ring_clock/ref1/blocks_while_free,0.25,52092,0.8312,0.8284,816782,847493
sb-special-point_select,pool_trace_sim,ring_clock/ref1/blocks_ref,0.25,52092,0.7873,0.7852,1022644,32742388
sb-special-point_select,pool_trace_sim,ring_clock/ref1/blocks_noref,0.25,52092,0.8093,0.808,914119,29269552
sb-special-point_select,pool_trace_sim,ring_clock/ref1/blocks_probation,0.25,52092,0.8309,0.8284,816862,26158614
sb-special-point_select,pool_trace_sim,ring_clock/ref0/frames,0.25,52092,0.8337,0.8309,804727,834744
sb-special-point_select,pool_trace_sim,ring_clock/ref0/blocks_while_free,0.25,52092,0.8337,0.8309,804727,834744
sb-special-point_select,pool_trace_sim,ring_clock/ref0/blocks_ref,0.25,52092,0.7863,0.784,1028045,32915252
sb-special-point_select,pool_trace_sim,ring_clock/ref0/blocks_noref,0.25,52092,0.8094,0.8082,912800,29227152
sb-special-point_select,pool_trace_sim,ring_clock/ref0/blocks_probation,0.25,52092,0.8329,0.8304,807278,25851578
sb-pareto-point_select,libcachesim,LRU,0.02,7796,0.5062,,,
sb-pareto-point_select,libcachesim,Clock,0.02,7796,0.5163,,,
sb-pareto-point_select,libcachesim,GClock2,0.02,7796,0.5272,,,
sb-pareto-point_select,libcachesim,S3FIFO,0.02,7796,0.5929,,,
sb-pareto-point_select,libcachesim,Sieve,0.02,7796,0.5864,,,
sb-pareto-point_select,libcachesim,WTinyLFU,0.02,7796,0.5973,,,
sb-pareto-point_select,libcachesim,ARC,0.02,7796,0.5895,,,
sb-pareto-point_select,libcachesim,TwoQ,0.02,7796,0.5795,,,
sb-pareto-point_select,libcachesim,LIRS,0.02,7796,0.5889,,,
sb-pareto-point_select,libcachesim,Belady,0.02,7796,0.6608,,,
sb-pareto-point_select,libcachesim,LRU,0.05,19490,0.5874,,,
sb-pareto-point_select,libcachesim,Clock,0.05,19490,0.597,,,
sb-pareto-point_select,libcachesim,GClock2,0.05,19490,0.6073,,,
sb-pareto-point_select,libcachesim,S3FIFO,0.05,19490,0.6591,,,
sb-pareto-point_select,libcachesim,Sieve,0.05,19490,0.6518,,,
sb-pareto-point_select,libcachesim,WTinyLFU,0.05,19490,0.6715,,,
sb-pareto-point_select,libcachesim,ARC,0.05,19490,0.6539,,,
sb-pareto-point_select,libcachesim,TwoQ,0.05,19490,0.6454,,,
sb-pareto-point_select,libcachesim,LIRS,0.05,19490,0.6532,,,
sb-pareto-point_select,libcachesim,Belady,0.05,19490,0.7351,,,
sb-pareto-point_select,libcachesim,LRU,0.1,38980,0.6546,,,
sb-pareto-point_select,libcachesim,Clock,0.1,38980,0.6632,,,
sb-pareto-point_select,libcachesim,GClock2,0.1,38980,0.6731,,,
sb-pareto-point_select,libcachesim,S3FIFO,0.1,38980,0.7133,,,
sb-pareto-point_select,libcachesim,Sieve,0.1,38980,0.7073,,,
sb-pareto-point_select,libcachesim,WTinyLFU,0.1,38980,0.7221,,,
sb-pareto-point_select,libcachesim,ARC,0.1,38980,0.7075,,,
sb-pareto-point_select,libcachesim,TwoQ,0.1,38980,0.7004,,,
sb-pareto-point_select,libcachesim,LIRS,0.1,38980,0.7068,,,
sb-pareto-point_select,libcachesim,Belady,0.1,38980,0.7944,,,
sb-pareto-point_select,libcachesim,LRU,0.25,97450,0.7585,,,
sb-pareto-point_select,libcachesim,Clock,0.25,97450,0.7658,,,
sb-pareto-point_select,libcachesim,GClock2,0.25,97450,0.7748,,,
sb-pareto-point_select,libcachesim,S3FIFO,0.25,97450,0.7918,,,
sb-pareto-point_select,libcachesim,Sieve,0.25,97450,0.7898,,,
sb-pareto-point_select,libcachesim,WTinyLFU,0.25,97450,0.7941,,,
sb-pareto-point_select,libcachesim,ARC,0.25,97450,0.7868,,,
sb-pareto-point_select,libcachesim,TwoQ,0.25,97450,0.7808,,,
sb-pareto-point_select,libcachesim,LIRS,0.25,97450,0.7872,,,
sb-pareto-point_select,libcachesim,Belady,0.25,97450,0.8784,,,
sb-pareto-point_select,pool_trace_sim,hash_clock/ref1/frames,0.02,7796,0.5006,0.5018,1159985,1215925
sb-pareto-point_select,pool_trace_sim,hash_clock/ref1/blocks_while_free,0.02,7796,0.5006,0.5018,1159993,1215965
sb-pareto-point_select,pool_trace_sim,hash_clock/ref1/blocks_ref,0.02,7796,0.4553,0.4577,1262800,40457213
sb-pareto-point_select,pool_trace_sim,hash_clock/ref1/blocks_noref,0.02,7796,0.4625,0.4644,1246992,39949936
sb-pareto-point_select,pool_trace_sim,hash_clock/ref1/blocks_probation,0.02,7796,0.4981,0.4995,1165474,37340702
sb-pareto-point_select,pool_trace_sim,hash_clock/ref0/frames,0.02,7796,0.5225,0.524,1108384,1162594
sb-pareto-point_select,pool_trace_sim,hash_clock/ref0/blocks_while_free,0.02,7796,0.5225,0.524,1108248,1162511
sb-pareto-point_select,pool_trace_sim,hash_clock/ref0/blocks_ref,0.02,7796,0.4542,0.4565,1265445,40541823
sb-pareto-point_select,pool_trace_sim,hash_clock/ref0/blocks_noref,0.02,7796,0.4627,0.4646,1246732,39941362
sb-pareto-point_select,pool_trace_sim,hash_clock/ref0/blocks_probation,0.02,7796,0.5193,0.5209,1115466,35738786
sb-pareto-point_select,pool_trace_sim,ring_clock/ref1/frames,0.02,7796,0.4974,0.4986,1167340,1223694
sb-pareto-point_select,pool_trace_sim,ring_clock/ref1/blocks_while_free,0.02,7796,0.4974,0.4986,1167344,1223699
sb-pareto-point_select,pool_trace_sim,ring_clock/ref1/blocks_ref,0.02,7796,0.4656,0.4693,1235753,39590527
sb-pareto-point_select,pool_trace_sim,ring_clock/ref1/blocks_noref,0.02,7796,0.4682,0.4717,1230009,39406367
sb-pareto-point_select,pool_trace_sim,ring_clock/ref1/blocks_probation,0.02,7796,0.4945,0.4959,1173648,37602705
sb-pareto-point_select,pool_trace_sim,ring_clock/ref0/frames,0.02,7796,0.5163,0.5177,1122908,1177767
sb-pareto-point_select,pool_trace_sim,ring_clock/ref0/blocks_while_free,0.02,7796,0.5163,0.5177,1122904,1177763
sb-pareto-point_select,pool_trace_sim,ring_clock/ref0/blocks_ref,0.02,7796,0.464,0.4675,1239819,39720575
sb-pareto-point_select,pool_trace_sim,ring_clock/ref0/blocks_noref,0.02,7796,0.4696,0.4733,1226367,39289983
sb-pareto-point_select,pool_trace_sim,ring_clock/ref0/blocks_probation,0.02,7796,0.5125,0.514,1131514,36253075
sb-pareto-point_select,pool_trace_sim,hash_clock/ref1/frames,0.05,19490,0.5808,0.5812,975044,1020586
sb-pareto-point_select,pool_trace_sim,hash_clock/ref1/blocks_while_free,0.05,19490,0.5808,0.5812,975027,1020575
sb-pareto-point_select,pool_trace_sim,hash_clock/ref1/blocks_ref,0.05,19490,0.5311,0.5325,1088502,34869596
sb-pareto-point_select,pool_trace_sim,hash_clock/ref1/blocks_noref,0.05,19490,0.539,0.54,1071030,34310567
sb-pareto-point_select,pool_trace_sim,hash_clock/ref1/blocks_probation,0.05,19490,0.5783,0.5789,980537,31413097
sb-pareto-point_select,pool_trace_sim,hash_clock/ref0/frames,0.05,19490,0.6005,0.6012,928585,972667
sb-pareto-point_select,pool_trace_sim,hash_clock/ref0/blocks_while_free,0.05,19490,0.6006,0.6013,928256,972344
sb-pareto-point_select,pool_trace_sim,hash_clock/ref0/blocks_ref,0.05,19490,0.5302,0.5315,1090898,34947151
sb-pareto-point_select,pool_trace_sim,hash_clock/ref0/blocks_noref,0.05,19490,0.5389,0.5399,1071369,34320702
sb-pareto-point_select,pool_trace_sim,hash_clock/ref0/blocks_probation,0.05,19490,0.5975,0.5983,935339,29965444
sb-pareto-point_select,pool_trace_sim,ring_clock/ref1/frames,0.05,19490,0.5786,0.579,980160,1025929
sb-pareto-point_select,pool_trace_sim,ring_clock/ref1/blocks_while_free,0.05,19490,0.5786,0.579,980152,1025925
sb-pareto-point_select,pool_trace_sim,ring_clock/ref1/blocks_ref,0.05,19490,0.5431,0.546,1057070,33863296
sb-pareto-point_select,pool_trace_sim,ring_clock/ref1/blocks_noref,0.05,19490,0.5465,0.5492,1049619,33625054
sb-pareto-point_select,pool_trace_sim,ring_clock/ref1/blocks_probation,0.05,19490,0.5756,0.5762,986808,31614040
sb-pareto-point_select,pool_trace_sim,ring_clock/ref0/frames,0.05,19490,0.597,0.5977,936792,981312
sb-pareto-point_select,pool_trace_sim,ring_clock/ref0/blocks_while_free,0.05,19490,0.597,0.5977,936785,981304
sb-pareto-point_select,pool_trace_sim,ring_clock/ref0/blocks_ref,0.05,19490,0.5413,0.544,1061643,34009824
sb-pareto-point_select,pool_trace_sim,ring_clock/ref0/blocks_noref,0.05,19490,0.5479,0.5508,1045851,33504384
sb-pareto-point_select,pool_trace_sim,ring_clock/ref0/blocks_probation,0.05,19490,0.5931,0.5939,945643,30295066
sb-pareto-point_select,pool_trace_sim,hash_clock/ref1/frames,0.1,38980,0.6486,0.6482,819085,855626
sb-pareto-point_select,pool_trace_sim,hash_clock/ref1/blocks_while_free,0.1,38980,0.6487,0.6483,818846,855337
sb-pareto-point_select,pool_trace_sim,hash_clock/ref1/blocks_ref,0.1,38980,0.5977,0.5983,935264,29956819
sb-pareto-point_select,pool_trace_sim,hash_clock/ref1/blocks_noref,0.1,38980,0.6061,0.6063,916745,29364992
sb-pareto-point_select,pool_trace_sim,hash_clock/ref1/blocks_probation,0.1,38980,0.6458,0.6456,825220,26434496
sb-pareto-point_select,pool_trace_sim,hash_clock/ref0/frames,0.1,38980,0.6661,0.666,777636,812969
sb-pareto-point_select,pool_trace_sim,hash_clock/ref0/blocks_while_free,0.1,38980,0.666,0.6659,777867,813221
sb-pareto-point_select,pool_trace_sim,hash_clock/ref0/blocks_ref,0.1,38980,0.5966,0.5971,938137,30049376
sb-pareto-point_select,pool_trace_sim,hash_clock/ref0/blocks_noref,0.1,38980,0.606,0.6062,916999,29371841
sb-pareto-point_select,pool_trace_sim,hash_clock/ref0/blocks_probation,0.1,38980,0.663,0.663,784557,25131997
sb-pareto-point_select,pool_trace_sim,ring_clock/ref1/frames,0.1,38980,0.6465,0.6461,823902,860658
sb-pareto-point_select,pool_trace_sim,ring_clock/ref1/blocks_while_free,0.1,38980,0.6465,0.6462,823888,860647
sb-pareto-point_select,pool_trace_sim,ring_clock/ref1/blocks_ref,0.1,38980,0.6097,0.612,903470,28938532
sb-pareto-point_select,pool_trace_sim,ring_clock/ref1/blocks_noref,0.1,38980,0.6136,0.6157,894786,28661184
sb-pareto-point_select,pool_trace_sim,ring_clock/ref1/blocks_probation,0.1,38980,0.6437,0.6435,830019,26588198
sb-pareto-point_select,pool_trace_sim,ring_clock/ref0/frames,0.1,38980,0.6632,0.6631,784437,819967
sb-pareto-point_select,pool_trace_sim,ring_clock/ref0/blocks_while_free,0.1,38980,0.6632,0.6631,784476,820007
sb-pareto-point_select,pool_trace_sim,ring_clock/ref0/blocks_ref,0.1,38980,0.6077,0.6099,908376,29095560
sb-pareto-point_select,pool_trace_sim,ring_clock/ref0/blocks_noref,0.1,38980,0.615,0.6172,891259,28547859
sb-pareto-point_select,pool_trace_sim,ring_clock/ref0/blocks_probation,0.1,38980,0.6593,0.6594,793138,25407218
sb-pareto-point_select,pool_trace_sim,hash_clock/ref1/frames,0.25,97450,0.7545,0.753,575090,597708
sb-pareto-point_select,pool_trace_sim,hash_clock/ref1/blocks_while_free,0.25,97450,0.7545,0.7531,574922,597647
sb-pareto-point_select,pool_trace_sim,hash_clock/ref1/blocks_ref,0.25,97450,0.7044,0.704,689149,22068661
sb-pareto-point_select,pool_trace_sim,hash_clock/ref1/blocks_noref,0.25,97450,0.7152,0.7143,665234,21303817
sb-pareto-point_select,pool_trace_sim,hash_clock/ref1/blocks_probation,0.25,97450,0.7491,0.7477,587350,18810535
sb-pareto-point_select,pool_trace_sim,hash_clock/ref0/frames,0.25,97450,0.7714,0.7704,534668,556473
sb-pareto-point_select,pool_trace_sim,hash_clock/ref0/blocks_while_free,0.25,97450,0.7713,0.7703,534933,556730
sb-pareto-point_select,pool_trace_sim,hash_clock/ref0/blocks_ref,0.25,97450,0.7035,0.7031,691326,22137917
sb-pareto-point_select,pool_trace_sim,hash_clock/ref0/blocks_noref,0.25,97450,0.7151,0.7143,665290,21304957
sb-pareto-point_select,pool_trace_sim,hash_clock/ref0/blocks_probation,0.25,97450,0.7627,0.7617,554931,17772509
sb-pareto-point_select,pool_trace_sim,ring_clock/ref1/frames,0.25,97450,0.7512,0.7496,582957,605799
sb-pareto-point_select,pool_trace_sim,ring_clock/ref1/blocks_while_free,0.25,97450,0.7512,0.7496,582984,605849
sb-pareto-point_select,pool_trace_sim,ring_clock/ref1/blocks_ref,0.25,97450,0.7148,0.7162,660901,21164343
sb-pareto-point_select,pool_trace_sim,ring_clock/ref1/blocks_noref,0.25,97450,0.7192,0.7203,651171,20853654
sb-pareto-point_select,pool_trace_sim,ring_clock/ref1/blocks_probation,0.25,97450,0.7479,0.7466,589939,18893661
sb-pareto-point_select,pool_trace_sim,ring_clock/ref0/frames,0.25,97450,0.7658,0.7646,548085,570278
sb-pareto-point_select,pool_trace_sim,ring_clock/ref0/blocks_while_free,0.25,97450,0.7658,0.7646,548146,570338
sb-pareto-point_select,pool_trace_sim,ring_clock/ref0/blocks_ref,0.25,97450,0.7131,0.7142,665359,21307146
sb-pareto-point_select,pool_trace_sim,ring_clock/ref0/blocks_noref,0.25,97450,0.7203,0.7216,648143,20756503
sb-pareto-point_select,pool_trace_sim,ring_clock/ref0/blocks_probation,0.25,97450,0.7613,0.7603,558127,17875360
