policy,pool_mib,reads,miss_ratio,get_miss_ratio,write_miss_ratio,iter_miss_ratio,frame_misses,cold,capacity,miss_frame_live,miss_file_live,io_ops,io_mib,prefetch_admitted,prefetch_used,vacuum_new_mib,vacuum_unlinked_mib,live_mib_end,file_mib_end
deadfirst,375,247567090,0.00002,0.00009,0.00027,0.00001,3939,3331,608,0.751,0.727,3800,424.7,86166,91118,342.2,711.8,242.2,378.3
pool,250,247567090,0.00054,0.00218,0.01652,0.00016,135119,8836,126283,0.947,0.868,133744,1375.8,166453,93523,342.2,711.8,242.2,378.3
vacwarm,250,247567090,0.00055,0.00224,0.01664,0.00017,136930,11083,125847,0.949,0.872,135601,1481.0,163438,31116,342.2,711.8,242.2,378.3
ra_young=4,250,247567090,0.00054,0.00213,0.01674,0.00016,134686,7502,127184,0.951,0.871,133366,915.0,84933,83031,342.2,711.8,242.2,378.3
deadfirst,250,247567090,0.00053,0.00210,0.01639,0.00016,132882,9125,123757,0.946,0.868,131554,1369.3,165356,91587,342.2,711.8,242.2,378.3
pool,375,247567090,0.00002,0.00009,0.00037,0.00001,4460,3354,1106,0.784,0.741,4321,472.2,87917,94183,342.2,711.8,242.2,378.3
ra_young=4,375,247567090,0.00004,0.00011,0.00155,0.00001,10684,4261,6423,0.910,0.811,10530,365.7,82933,87666,342.2,711.8,242.2,378.3
pool,500,247567090,0.00001,0.00008,0.00006,0.00001,2840,2840,0,0.662,0.652,2703,335.1,82933,83333,342.2,711.8,242.2,378.3
vacwarm,375,247567090,0.00001,0.00002,0.00047,0.00000,2551,581,1970,0.999,0.899,2541,258.1,12216,14939,342.2,711.8,242.2,378.3
deadfirst,500,247567090,0.00001,0.00008,0.00006,0.00001,2840,2840,0,0.662,0.652,2703,335.1,82933,83333,342.2,711.8,242.2,378.3
ra_young=4,500,247567090,0.00001,0.00008,0.00006,0.00001,2840,2840,0,0.662,0.652,2703,335.1,82933,83333,342.2,711.8,242.2,378.3
vacwarm,500,247567090,0.00000,0.00000,0.00000,0.00000,0,0,0,0.000,0.000,0,0.0,0,0,342.2,711.8,242.2,378.3
